,Coefficient,P-value
ADT,-8.840676368751891,0.023426540790067816
Average Speed,-17.54367396736289,2.8519053197516578e-05
Smart Motorway (Binary),-4.6397897543505096,0.2634705830434768
