Metric,ALR,Controlled
Accident Rate,0.00042230133928419707,0.9311979512337601
ADT,0.00018890900141050183,0.3863512895667719
Average Speed,0.0002805360037753382,0.0011337827275500222
